task,worker,label
task_0,AI,0
task_3,AI,0
task_4,AI,0
task_8,AI,1
task_9,AI,0
task_14,AI,0
task_18,AI,0
task_22,AI,0
task_33,AI,0
task_36,AI,0
task_41,AI,0
task_42,AI,1
task_45,AI,0
task_48,AI,0
task_49,AI,0
task_54,AI,0
task_57,AI,0
task_58,AI,0
task_60,AI,0
task_69,AI,0
task_70,AI,0
task_72,AI,1
task_74,AI,0
task_75,AI,0
task_78,AI,0
task_81,AI,0
task_82,AI,0
task_88,AI,0
task_98,AI,0
task_99,AI,0
task_111,AI,0
task_112,AI,0
task_114,AI,1
task_116,AI,0
task_120,AI,0
task_122,AI,0
task_123,AI,0
task_125,AI,0
task_128,AI,0
task_132,AI,0
task_138,AI,0
task_141,AI,0
task_142,AI,0
task_144,AI,0
task_150,AI,0
task_163,AI,0
task_164,AI,0
task_170,AI,0
task_173,AI,0
task_176,AI,0
task_177,AI,0
task_183,AI,0
task_189,AI,0
task_191,AI,0
task_193,AI,0
task_194,AI,0
task_196,AI,0
task_198,AI,0
task_201,AI,0
task_203,AI,0
task_206,AI,0
task_207,AI,0
task_211,AI,0
task_213,AI,0
task_214,AI,0
task_216,AI,0
task_219,AI,0
task_220,AI,0
task_225,AI,0
task_229,AI,1
task_231,AI,0
task_235,AI,0
task_242,AI,0
task_256,AI,0
task_258,AI,0
task_259,AI,0
task_264,AI,0
task_267,AI,0
task_270,AI,0
task_271,AI,0
task_273,AI,0
task_274,AI,0
task_283,AI,0
task_286,AI,0
task_289,AI,0
task_294,AI,0
task_297,AI,1
task_298,AI,0
task_300,AI,0
task_302,AI,0
task_303,AI,0
task_304,AI,0
task_305,AI,0
task_306,AI,0
task_317,AI,0
task_318,AI,0
task_331,AI,0
task_334,AI,0
task_337,AI,0
task_338,AI,0
task_340,AI,0
task_347,AI,0
task_350,AI,0
task_358,AI,0
task_362,AI,0
task_364,AI,0
task_366,AI,0
task_368,AI,0
task_376,AI,1
task_378,AI,0
task_384,AI,0
task_385,AI,0
task_386,AI,0
task_392,AI,0
task_397,AI,0
task_408,AI,0
task_409,AI,0
task_410,AI,0
task_413,AI,0
task_417,AI,0
task_419,AI,0
task_420,AI,0
task_424,AI,0
task_430,AI,0
task_436,AI,0
task_437,AI,0
task_439,AI,0
task_451,AI,0
task_452,AI,0
task_461,AI,0
task_464,AI,0
task_467,AI,0
task_471,AI,0
task_472,AI,0
task_480,AI,1
task_482,AI,0
task_483,AI,0
task_488,AI,0
task_493,AI,0
task_494,AI,1
task_497,AI,0
task_506,AI,0
task_507,AI,0
task_510,AI,0
task_511,AI,0
task_512,AI,0
task_514,AI,0
task_519,AI,0
task_521,AI,0
task_525,AI,0
task_526,AI,0
task_529,AI,0
task_530,AI,0
task_538,AI,0
task_542,AI,0
task_544,AI,0
task_549,AI,0
task_552,AI,0
task_553,AI,0
task_554,AI,0
task_562,AI,0
task_574,AI,0
task_577,AI,0
task_580,AI,0
task_584,AI,0
task_585,AI,0
task_587,AI,0
task_593,AI,0
task_598,AI,0
task_601,AI,0
task_602,AI,0
task_604,AI,0
task_605,AI,0
task_607,AI,0
task_610,AI,0
task_616,AI,0
task_618,AI,0
task_621,AI,0
task_627,AI,0
task_629,AI,0
task_634,AI,0
task_635,AI,0
task_636,AI,0
task_640,AI,0
task_647,AI,0
task_649,AI,0
task_653,AI,0
task_661,AI,0
task_663,AI,0
task_670,AI,0
task_676,AI,0
task_684,AI,0
task_685,AI,0
task_686,AI,0
task_689,AI,0
task_690,AI,0
task_697,AI,0
task_699,AI,0
task_705,AI,0
task_706,AI,0
task_708,AI,0
task_710,AI,0
task_712,AI,0
task_715,AI,0
task_716,AI,0
task_722,AI,0
task_728,AI,0
task_729,AI,0
task_736,AI,0
task_740,AI,0
task_742,AI,0
task_743,AI,0
task_745,AI,0
task_748,AI,0
task_757,AI,0
task_762,AI,0
task_765,AI,0
task_770,AI,0
task_775,AI,0
task_779,AI,0
task_783,AI,0
task_786,AI,0
task_788,AI,0
task_789,AI,0
task_793,AI,0
task_795,AI,0
task_799,AI,0
task_808,AI,0
task_809,AI,0
task_812,AI,0
task_813,AI,0
task_816,AI,0
task_819,AI,0
task_820,AI,0
task_822,AI,0
task_824,AI,0
task_826,AI,0
task_827,AI,0
task_828,AI,0
task_831,AI,0
task_834,AI,0
task_835,AI,0
task_839,AI,0
task_842,AI,0
task_844,AI,0
task_845,AI,0
task_847,AI,1
task_850,AI,0
task_859,AI,0
task_863,AI,0
task_866,AI,0
task_875,AI,0
task_877,AI,0
task_879,AI,0
task_885,AI,0
task_897,AI,0
task_899,AI,0
task_904,AI,0
task_913,AI,0
task_916,AI,0
task_924,AI,0
task_931,AI,0
task_947,AI,0
task_948,AI,0
task_951,AI,0
task_954,AI,0
task_956,AI,0
task_960,AI,0
task_961,AI,0
task_962,AI,0
task_964,AI,0
task_971,AI,0
task_980,AI,1
task_984,AI,0
task_986,AI,0
task_993,AI,0
task_995,AI,1
task_997,AI,0
task_1002,AI,0
task_1004,AI,0
task_1007,AI,0
task_1009,AI,0
task_1010,AI,0
task_1011,AI,0
task_1012,AI,1
task_1013,AI,0
task_1018,AI,0
task_1021,AI,0
task_1022,AI,0
task_1024,AI,0
task_1025,AI,0
task_1027,AI,0
task_1031,AI,0
task_1033,AI,0
task_1037,AI,0
task_1041,AI,0
task_1043,AI,1
task_1044,AI,0
task_1047,AI,0
task_1053,AI,0
task_1054,AI,0
task_1056,AI,0
task_1062,AI,0
task_1064,AI,0
task_1065,AI,0
task_1066,AI,0
task_1068,AI,0
task_1071,AI,0
task_1074,AI,0
task_1077,AI,0
task_1079,AI,0
task_1082,AI,0
task_1084,AI,0
task_1086,AI,0
task_1096,AI,0
task_1102,AI,0
task_1104,AI,0
task_1105,AI,0
task_1109,AI,0
task_1110,AI,0
task_1112,AI,0
task_1113,AI,0
task_1120,AI,0
task_1127,AI,0
task_1134,AI,0
task_1136,AI,0
task_1145,AI,0
task_1146,AI,0
task_1147,AI,0
task_1151,AI,0
task_1154,AI,0
task_1160,AI,0
task_1162,AI,0
task_1166,AI,0
task_1169,AI,0
task_1170,AI,0
task_1171,AI,0
task_1172,AI,1
task_1183,AI,0
task_1184,AI,0
task_1185,AI,0
task_1188,AI,0
task_1189,AI,0
task_1191,AI,0
task_1192,AI,0
task_1195,AI,0
task_1196,AI,0
task_1197,AI,0
task_1198,AI,0
task_1204,AI,0
task_1205,AI,0
task_1206,AI,0
task_1208,AI,0
task_1209,AI,0
task_1210,AI,0
task_1212,AI,0
task_1217,AI,0
task_1220,AI,0
task_1223,AI,0
task_1224,AI,0
task_1225,AI,0
task_1227,AI,0
task_1229,AI,0
task_1230,AI,0
task_1233,AI,0
task_1238,AI,0
task_1241,AI,0
task_1246,AI,0
task_1255,AI,0
task_1257,AI,0
task_1258,AI,0
task_1265,AI,0
task_1266,AI,0
task_1283,AI,0
task_1292,AI,0
task_1293,AI,0
task_1297,AI,0
task_1299,AI,0
task_1301,AI,0
task_1306,AI,0
task_1308,AI,0
task_1313,AI,0
task_1317,AI,1
task_1322,AI,0
task_1323,AI,0
task_1328,AI,0
task_1329,AI,0
task_1331,AI,0
task_1337,AI,0
task_1346,AI,0
task_1351,AI,0
task_1352,AI,0
task_1354,AI,0
task_1357,AI,0
task_1367,AI,0
task_1370,AI,0
task_1373,AI,0
task_1381,AI,0
task_1385,AI,0
task_1389,AI,0
task_1390,AI,0
task_1393,AI,0
task_1395,AI,0
task_1397,AI,0
task_1398,AI,0
task_1403,AI,1
task_1405,AI,0
task_1411,AI,0
task_1415,AI,0
task_1422,AI,0
task_1423,AI,0
task_1429,AI,0
task_1430,AI,0
task_1433,AI,0
task_1434,AI,0
task_1436,AI,0
task_1439,AI,0
task_1441,AI,0
task_1444,AI,0
task_1448,AI,0
task_1450,AI,0
task_1456,AI,0
task_1459,AI,0
task_1463,AI,0
task_1465,AI,1
task_1467,AI,0
task_1470,AI,0
task_1472,AI,0
task_1475,AI,0
task_1478,AI,0
task_1479,AI,1
task_1483,AI,0
task_1487,AI,0
task_1490,AI,0
task_1491,AI,0
task_1492,AI,0
task_1497,AI,0
task_1501,AI,0
task_1503,AI,0
task_1504,AI,0
task_1505,AI,0
task_1507,AI,0
task_1509,AI,0
task_1510,AI,0
task_1519,AI,0
task_1520,AI,0
task_1533,AI,0
task_1541,AI,0
task_1544,AI,0
task_1549,AI,0
task_1556,AI,0
task_1557,AI,1
task_1559,AI,0
task_1560,AI,0
task_1562,AI,0
task_1574,AI,0
task_1576,AI,0
task_1577,AI,0
task_1578,AI,0
task_1580,AI,0
task_1583,AI,0
task_1587,AI,1
task_1592,AI,1
task_1593,AI,0
task_1598,AI,0
task_1602,AI,0
task_1612,AI,0
task_1630,AI,1
task_1631,AI,0
task_1636,AI,0
task_1637,AI,0
task_1638,AI,0
task_1647,AI,0
task_1652,AI,0
task_1654,AI,0
task_1657,AI,0
task_1663,AI,0
task_1675,AI,0
task_1676,AI,0
task_1677,AI,0
task_1679,AI,0
task_1688,AI,0
task_1690,AI,0
task_1695,AI,0
task_1696,AI,0
task_1700,AI,0
task_1702,AI,0
task_1703,AI,0
task_1704,AI,0
task_1706,AI,0
task_1707,AI,1
task_1708,AI,0
task_1709,AI,0
task_1713,AI,0
task_1714,AI,0
task_1717,AI,0
task_1720,AI,0
task_1726,AI,0
task_1728,AI,0
task_1729,AI,0
task_1731,AI,0
task_1736,AI,0
task_1739,AI,0
task_1742,AI,0
task_1750,AI,0
task_1751,AI,0
task_1752,AI,0
task_1754,AI,0
task_1755,AI,0
task_1756,AI,0
task_1757,AI,0
task_1759,AI,1
task_1760,AI,0
task_1762,AI,0
task_1765,AI,0
task_1766,AI,0
task_1769,AI,0
task_1770,AI,0
task_1774,AI,0
task_1784,AI,0
task_1785,AI,0
task_1786,AI,0
task_1787,AI,0
task_1789,AI,0
task_1792,AI,0
task_1794,AI,0
task_1798,AI,0
task_1800,AI,0
task_1802,AI,0
task_1803,AI,0
task_1807,AI,0
task_1809,AI,0
task_1810,AI,0
task_1819,AI,0
task_1829,AI,0
task_1831,AI,0
task_1832,AI,0
task_1834,AI,0
task_1841,AI,0
task_1847,AI,0
task_1849,AI,0
task_1855,AI,0
task_1862,AI,0
task_1866,AI,0
task_1872,AI,0
task_1873,AI,0
task_1876,AI,0
task_1877,AI,0
task_1879,AI,0
task_1882,AI,0
task_1883,AI,0
task_1892,AI,0
task_1899,AI,0
task_1902,AI,0
task_1920,AI,0
task_1924,AI,0
task_1927,AI,0
task_1931,AI,0
task_1940,AI,0
task_1941,AI,0
task_1943,AI,0
task_1948,AI,0
task_1950,AI,0
task_1952,AI,0
task_1959,AI,0
task_1961,AI,0
task_1966,AI,0
task_1973,AI,0
task_1976,AI,0
task_1978,AI,0
task_1988,AI,0
task_1994,AI,0
task_1999,AI,0
task_2001,AI,0
task_2003,AI,0
task_2009,AI,0
task_2015,AI,0
task_2016,AI,0
task_2018,AI,0
task_2021,AI,1
task_2025,AI,0
task_2026,AI,0
task_2027,AI,0
task_2030,AI,0
task_2032,AI,0
task_2033,AI,0
task_2035,AI,0
task_2036,AI,0
task_2038,AI,0
task_2041,AI,0
task_2043,AI,0
task_2046,AI,0
task_2056,AI,0
task_2063,AI,0
task_2066,AI,0
task_2068,AI,0
task_2069,AI,1
task_2073,AI,0
task_2082,AI,0
task_2085,AI,0
task_2088,AI,0
task_2095,AI,0
task_2098,AI,0
task_2100,AI,0
task_2107,AI,0
task_2115,AI,0
task_2117,AI,0
task_2124,AI,0
task_2126,AI,0
task_2132,AI,0
task_2139,AI,0
task_2143,AI,0
task_2145,AI,0
task_2147,AI,0
task_2148,AI,0
task_2153,AI,0
task_2154,AI,0
task_2156,AI,0
task_2158,AI,0
task_2159,AI,0
task_2161,AI,0
task_2165,AI,1
task_2168,AI,0
task_2170,AI,0
task_2174,AI,0
task_2177,AI,0
task_2179,AI,0
task_2180,AI,0
task_2187,AI,0
task_2188,AI,0
task_2193,AI,0
task_2194,AI,0
task_2199,AI,0
task_2201,AI,0
task_2207,AI,0
task_2208,AI,0
task_2222,AI,0
task_2224,AI,0
task_2226,AI,1
task_2233,AI,0
task_2234,AI,0
task_2235,AI,0
task_2238,AI,0
task_2240,AI,0
task_2241,AI,0
task_2244,AI,0
task_2253,AI,0
task_2256,AI,0
task_2259,AI,0
task_2261,AI,0
task_2271,AI,0
task_2272,AI,0
task_2275,AI,0
task_2277,AI,1
task_2283,AI,0
task_2286,AI,0
task_2288,AI,0
task_2290,AI,0
task_2292,AI,0
task_2299,AI,0
task_2303,AI,0
task_2311,AI,0
task_2314,AI,1
task_2317,AI,0
task_2320,AI,0
task_2321,AI,0
task_2323,AI,0
task_2326,AI,0
task_2328,AI,0
task_2333,AI,0
task_2340,AI,0
task_2341,AI,0
task_2343,AI,0
task_2348,AI,0
task_2349,AI,0
task_2350,AI,0
task_2352,AI,0
task_2357,AI,0
task_2361,AI,0
task_2367,AI,0
task_2369,AI,0
task_2378,AI,0
task_2382,AI,0
task_2386,AI,0
task_2389,AI,0
task_2390,AI,0
task_2392,AI,1
task_2399,AI,0
task_2407,AI,0
task_2418,AI,1
task_2420,AI,0
task_2423,AI,0
task_2424,AI,0
task_2433,AI,0
task_2434,AI,1
task_2435,AI,0
task_2440,AI,0
task_2441,AI,0
task_2444,AI,0
task_2447,AI,0
task_2449,AI,0
task_2451,AI,0
task_2452,AI,0
task_2456,AI,0
task_2458,AI,0
task_2465,AI,0
task_2470,AI,0
task_2474,AI,0
task_2475,AI,0
task_2477,AI,0
task_2479,AI,0
task_2480,AI,0
task_2481,AI,0
task_2485,AI,0
task_2487,AI,0
task_2488,AI,0
task_2490,AI,0
task_2492,AI,0
task_2493,AI,0
task_2494,AI,0
task_2495,AI,0
task_2498,AI,0
task_2500,AI,1
task_2502,AI,1
task_2504,AI,1
task_2507,AI,1
task_2508,AI,1
task_2510,AI,1
task_2516,AI,1
task_2519,AI,1
task_2525,AI,1
task_2530,AI,1
task_2532,AI,1
task_2534,AI,1
task_2535,AI,2
task_2541,AI,1
task_2544,AI,1
task_2549,AI,1
task_2556,AI,1
task_2558,AI,1
task_2561,AI,1
task_2564,AI,1
task_2571,AI,1
task_2576,AI,1
task_2577,AI,1
task_2583,AI,1
task_2586,AI,1
task_2591,AI,1
task_2592,AI,1
task_2598,AI,1
task_2600,AI,1
task_2601,AI,1
task_2606,AI,1
task_2609,AI,1
task_2610,AI,1
task_2613,AI,1
task_2614,AI,1
task_2619,AI,1
task_2620,AI,1
task_2621,AI,1
task_2623,AI,1
task_2624,AI,1
task_2629,AI,1
task_2636,AI,1
task_2638,AI,1
task_2641,AI,1
task_2644,AI,1
task_2648,AI,1
task_2666,AI,1
task_2668,AI,1
task_2671,AI,1
task_2672,AI,1
task_2678,AI,1
task_2685,AI,1
task_2687,AI,1
task_2690,AI,1
task_2692,AI,1
task_2693,AI,1
task_2707,AI,1
task_2708,AI,1
task_2709,AI,1
task_2712,AI,1
task_2714,AI,1
task_2718,AI,1
task_2719,AI,1
task_2721,AI,1
task_2730,AI,1
task_2732,AI,1
task_2734,AI,1
task_2738,AI,1
task_2739,AI,1
task_2741,AI,1
task_2747,AI,1
task_2748,AI,1
task_2754,AI,1
task_2755,AI,1
task_2758,AI,0
task_2761,AI,1
task_2764,AI,1
task_2766,AI,1
task_2767,AI,1
task_2777,AI,1
task_2786,AI,1
task_2787,AI,1
task_2788,AI,1
task_2792,AI,1
task_2794,AI,2
task_2801,AI,1
task_2803,AI,1
task_2810,AI,1
task_2812,AI,1
task_2813,AI,1
task_2815,AI,1
task_2818,AI,1
task_2824,AI,1
task_2825,AI,1
task_2827,AI,1
task_2829,AI,1
task_2830,AI,1
task_2833,AI,1
task_2839,AI,1
task_2841,AI,1
task_2844,AI,1
task_2854,AI,1
task_2858,AI,1
task_2859,AI,1
task_2863,AI,1
task_2864,AI,1
task_2865,AI,1
task_2868,AI,1
task_2869,AI,1
task_2872,AI,1
task_2873,AI,1
task_2875,AI,1
task_2877,AI,1
task_2878,AI,1
task_2879,AI,1
task_2888,AI,1
task_2891,AI,2
task_2892,AI,0
task_2894,AI,1
task_2895,AI,1
task_2902,AI,1
task_2907,AI,1
task_2914,AI,1
task_2915,AI,1
task_2916,AI,1
task_2923,AI,0
task_2927,AI,1
task_2928,AI,1
task_2933,AI,1
task_2934,AI,1
task_2936,AI,1
task_2945,AI,1
task_2946,AI,1
task_2948,AI,1
task_2955,AI,1
task_2960,AI,1
task_2966,AI,1
task_2968,AI,1
task_2972,AI,1
task_2979,AI,1
task_2980,AI,1
task_2983,AI,1
task_2988,AI,1
task_2991,AI,1
task_2993,AI,1
task_2995,AI,1
task_3000,AI,1
task_3002,AI,1
task_3003,AI,2
task_3006,AI,1
task_3025,AI,1
task_3026,AI,1
task_3029,AI,1
task_3031,AI,1
task_3032,AI,1
task_3034,AI,1
task_3035,AI,1
task_3038,AI,0
task_3040,AI,1
task_3043,AI,1
task_3044,AI,1
task_3051,AI,1
task_3052,AI,1
task_3054,AI,1
task_3055,AI,1
task_3056,AI,1
task_3057,AI,1
task_3059,AI,1
task_3063,AI,1
task_3064,AI,1
task_3065,AI,1
task_3070,AI,1
task_3072,AI,1
task_3075,AI,1
task_3078,AI,1
task_3086,AI,1
task_3087,AI,1
task_3088,AI,1
task_3090,AI,1
task_3092,AI,1
task_3093,AI,1
task_3095,AI,1
task_3097,AI,1
task_3103,AI,1
task_3107,AI,1
task_3108,AI,1
task_3109,AI,1
task_3112,AI,1
task_3113,AI,1
task_3115,AI,1
task_3118,AI,1
task_3124,AI,1
task_3132,AI,1
task_3147,AI,1
task_3148,AI,1
task_3156,AI,1
task_3159,AI,1
task_3160,AI,1
task_3161,AI,1
task_3167,AI,1
task_3168,AI,1
task_3169,AI,1
task_3170,AI,1
task_3174,AI,1
task_3180,AI,1
task_3192,AI,1
task_3194,AI,1
task_3198,AI,1
task_3204,AI,1
task_3206,AI,1
task_3208,AI,1
task_3211,AI,1
task_3219,AI,1
task_3224,AI,1
task_3229,AI,1
task_3230,AI,2
task_3233,AI,1
task_3235,AI,1
task_3241,AI,2
task_3247,AI,1
task_3251,AI,1
task_3257,AI,1
task_3259,AI,1
task_3261,AI,1
task_3265,AI,1
task_3269,AI,1
task_3271,AI,1
task_3275,AI,1
task_3280,AI,0
task_3282,AI,1
task_3284,AI,1
task_3287,AI,1
task_3292,AI,1
task_3293,AI,1
task_3297,AI,1
task_3302,AI,1
task_3303,AI,1
task_3311,AI,1
task_3315,AI,1
task_3316,AI,2
task_3318,AI,0
task_3319,AI,1
task_3320,AI,1
task_3321,AI,1
task_3322,AI,1
task_3323,AI,1
task_3324,AI,1
task_3330,AI,1
task_3331,AI,1
task_3335,AI,1
task_3346,AI,1
task_3347,AI,1
task_3349,AI,1
task_3350,AI,1
task_3353,AI,1
task_3355,AI,1
task_3360,AI,1
task_3364,AI,1
task_3365,AI,1
task_3366,AI,1
task_3368,AI,1
task_3374,AI,1
task_3377,AI,1
task_3379,AI,1
task_3380,AI,1
task_3381,AI,1
task_3389,AI,1
task_3394,AI,1
task_3396,AI,1
task_3397,AI,1
task_3398,AI,1
task_3402,AI,1
task_3403,AI,1
task_3404,AI,1
task_3406,AI,1
task_3407,AI,1
task_3408,AI,1
task_3409,AI,1
task_3413,AI,1
task_3418,AI,1
task_3420,AI,1
task_3425,AI,1
task_3426,AI,1
task_3427,AI,1
task_3429,AI,1
task_3431,AI,1
task_3436,AI,1
task_3438,AI,1
task_3444,AI,1
task_3446,AI,2
task_3447,AI,1
task_3457,AI,1
task_3458,AI,1
task_3461,AI,1
task_3463,AI,1
task_3467,AI,1
task_3470,AI,1
task_3472,AI,1
task_3490,AI,1
task_3491,AI,0
task_3493,AI,1
task_3494,AI,1
task_3495,AI,1
task_3499,AI,1
task_3508,AI,1
task_3514,AI,1
task_3518,AI,1
task_3521,AI,1
task_3523,AI,1
task_3524,AI,1
task_3526,AI,1
task_3527,AI,1
task_3529,AI,1
task_3532,AI,1
task_3537,AI,1
task_3539,AI,1
task_3540,AI,1
task_3543,AI,1
task_3544,AI,1
task_3546,AI,1
task_3551,AI,1
task_3553,AI,1
task_3558,AI,1
task_3570,AI,1
task_3572,AI,1
task_3573,AI,1
task_3575,AI,1
task_3590,AI,1
task_3592,AI,1
task_3596,AI,1
task_3597,AI,1
task_3600,AI,1
task_3601,AI,1
task_3602,AI,1
task_3604,AI,1
task_3609,AI,1
task_3611,AI,1
task_3612,AI,1
task_3613,AI,1
task_3615,AI,1
task_3616,AI,1
task_3617,AI,1
task_3621,AI,1
task_3622,AI,1
task_3631,AI,1
task_3633,AI,1
task_3635,AI,1
task_3638,AI,1
task_3640,AI,2
task_3644,AI,1
task_3652,AI,1
task_3653,AI,1
task_3656,AI,1
task_3657,AI,2
task_3658,AI,1
task_3665,AI,1
task_3667,AI,1
task_3674,AI,1
task_3677,AI,1
task_3679,AI,1
task_3687,AI,1
task_3689,AI,1
task_3702,AI,1
task_3703,AI,1
task_3704,AI,1
task_3705,AI,1
task_3707,AI,1
task_3708,AI,1
task_3709,AI,1
task_3710,AI,2
task_3714,AI,1
task_3721,AI,1
task_3722,AI,1
task_3731,AI,1
task_3733,AI,1
task_3736,AI,1
task_3741,AI,1
task_3750,AI,1
task_3754,AI,1
task_3758,AI,1
task_3761,AI,1
task_3763,AI,1
task_3764,AI,1
task_3766,AI,1
task_3767,AI,1
task_3769,AI,1
task_3777,AI,1
task_3782,AI,1
task_3783,AI,1
task_3785,AI,1
task_3786,AI,1
task_3788,AI,1
task_3793,AI,1
task_3794,AI,1
task_3799,AI,1
task_3801,AI,1
task_3803,AI,1
task_3805,AI,1
task_3806,AI,1
task_3808,AI,1
task_3815,AI,1
task_3817,AI,1
task_3818,AI,0
task_3822,AI,1
task_3827,AI,1
task_3829,AI,1
task_3832,AI,2
task_3833,AI,1
task_3834,AI,1
task_3835,AI,1
task_3839,AI,1
task_3841,AI,1
task_3843,AI,2
task_3845,AI,0
task_3846,AI,1
task_3850,AI,1
task_3857,AI,1
task_3862,AI,1
task_3866,AI,1
task_3868,AI,1
task_3870,AI,1
task_3871,AI,1
task_3874,AI,1
task_3877,AI,1
task_3878,AI,1
task_3881,AI,1
task_3884,AI,1
task_3885,AI,1
task_3886,AI,1
task_3888,AI,1
task_3889,AI,2
task_3891,AI,2
task_3893,AI,1
task_3894,AI,1
task_3897,AI,1
task_3905,AI,1
task_3916,AI,1
task_3918,AI,1
task_3920,AI,1
task_3926,AI,1
task_3937,AI,1
task_3938,AI,1
task_3940,AI,0
task_3942,AI,1
task_3943,AI,1
task_3945,AI,1
task_3947,AI,1
task_3949,AI,1
task_3955,AI,1
task_3956,AI,1
task_3957,AI,1
task_3960,AI,1
task_3963,AI,1
task_3967,AI,1
task_3969,AI,1
task_3973,AI,1
task_3974,AI,1
task_3975,AI,1
task_3976,AI,1
task_3978,AI,1
task_3985,AI,1
task_3987,AI,1
task_3989,AI,1
task_3992,AI,1
task_3993,AI,1
task_3994,AI,1
task_3995,AI,1
task_4002,AI,1
task_4010,AI,1
task_4011,AI,0
task_4016,AI,1
task_4021,AI,1
task_4022,AI,1
task_4024,AI,1
task_4027,AI,1
task_4028,AI,0
task_4029,AI,0
task_4033,AI,1
task_4034,AI,1
task_4035,AI,1
task_4038,AI,1
task_4039,AI,1
task_4042,AI,1
task_4043,AI,1
task_4044,AI,1
task_4052,AI,0
task_4063,AI,1
task_4065,AI,1
task_4066,AI,1
task_4070,AI,1
task_4073,AI,1
task_4074,AI,1
task_4076,AI,1
task_4077,AI,1
task_4081,AI,1
task_4085,AI,1
task_4087,AI,1
task_4098,AI,1
task_4107,AI,1
task_4108,AI,1
task_4113,AI,1
task_4114,AI,1
task_4117,AI,1
task_4120,AI,1
task_4121,AI,1
task_4122,AI,1
task_4129,AI,1
task_4132,AI,1
task_4133,AI,1
task_4144,AI,1
task_4146,AI,1
task_4155,AI,1
task_4157,AI,1
task_4160,AI,1
task_4162,AI,2
task_4170,AI,1
task_4172,AI,1
task_4174,AI,1
task_4179,AI,1
task_4180,AI,1
task_4182,AI,1
task_4183,AI,1
task_4184,AI,1
task_4185,AI,1
task_4187,AI,1
task_4192,AI,1
task_4206,AI,1
task_4210,AI,0
task_4212,AI,1
task_4216,AI,1
task_4224,AI,1
task_4230,AI,1
task_4231,AI,2
task_4234,AI,1
task_4237,AI,1
task_4243,AI,1
task_4249,AI,1
task_4250,AI,1
task_4251,AI,1
task_4255,AI,1
task_4263,AI,1
task_4264,AI,1
task_4265,AI,1
task_4266,AI,1
task_4267,AI,2
task_4269,AI,2
task_4271,AI,1
task_4272,AI,1
task_4276,AI,1
task_4277,AI,2
task_4281,AI,1
task_4283,AI,2
task_4285,AI,1
task_4292,AI,1
task_4294,AI,1
task_4295,AI,1
task_4303,AI,1
task_4304,AI,1
task_4307,AI,1
task_4310,AI,1
task_4315,AI,1
task_4316,AI,1
task_4318,AI,1
task_4322,AI,1
task_4325,AI,1
task_4328,AI,1
task_4336,AI,1
task_4343,AI,1
task_4345,AI,1
task_4346,AI,1
task_4347,AI,1
task_4352,AI,1
task_4353,AI,1
task_4357,AI,1
task_4359,AI,1
task_4360,AI,1
task_4366,AI,1
task_4368,AI,1
task_4369,AI,1
task_4374,AI,1
task_4375,AI,1
task_4376,AI,1
task_4379,AI,1
task_4383,AI,0
task_4393,AI,1
task_4396,AI,1
task_4398,AI,1
task_4401,AI,1
task_4404,AI,1
task_4406,AI,1
task_4407,AI,1
task_4409,AI,1
task_4411,AI,1
task_4415,AI,1
task_4416,AI,1
task_4421,AI,1
task_4423,AI,1
task_4430,AI,1
task_4440,AI,1
task_4441,AI,1
task_4449,AI,1
task_4453,AI,1
task_4454,AI,1
task_4456,AI,1
task_4457,AI,1
task_4459,AI,1
task_4460,AI,1
task_4465,AI,1
task_4467,AI,1
task_4472,AI,0
task_4474,AI,1
task_4475,AI,1
task_4479,AI,1
task_4480,AI,1
task_4481,AI,1
task_4484,AI,1
task_4491,AI,1
task_4492,AI,0
task_4493,AI,1
task_4497,AI,1
task_4500,AI,2
task_4506,AI,1
task_4509,AI,1
task_4511,AI,1
task_4518,AI,1
task_4522,AI,0
task_4523,AI,1
task_4525,AI,1
task_4526,AI,1
task_4528,AI,1
task_4532,AI,1
task_4544,AI,1
task_4547,AI,1
task_4548,AI,1
task_4553,AI,1
task_4554,AI,1
task_4563,AI,1
task_4565,AI,1
task_4567,AI,1
task_4568,AI,1
task_4570,AI,1
task_4571,AI,1
task_4572,AI,1
task_4577,AI,1
task_4578,AI,1
task_4579,AI,1
task_4581,AI,1
task_4585,AI,1
task_4591,AI,1
task_4594,AI,1
task_4597,AI,1
task_4599,AI,1
task_4602,AI,1
task_4605,AI,1
task_4607,AI,1
task_4609,AI,1
task_4611,AI,1
task_4613,AI,1
task_4614,AI,1
task_4615,AI,1
task_4618,AI,1
task_4619,AI,1
task_4620,AI,1
task_4621,AI,1
task_4626,AI,1
task_4627,AI,1
task_4629,AI,1
task_4631,AI,1
task_4635,AI,1
task_4638,AI,1
task_4641,AI,1
task_4649,AI,1
task_4651,AI,1
task_4652,AI,0
task_4653,AI,1
task_4660,AI,1
task_4661,AI,1
task_4664,AI,1
task_4665,AI,1
task_4666,AI,1
task_4669,AI,1
task_4672,AI,1
task_4677,AI,1
task_4679,AI,1
task_4682,AI,1
task_4687,AI,1
task_4688,AI,1
task_4689,AI,1
task_4693,AI,1
task_4694,AI,1
task_4705,AI,1
task_4709,AI,1
task_4710,AI,1
task_4711,AI,1
task_4716,AI,1
task_4717,AI,1
task_4718,AI,1
task_4719,AI,1
task_4720,AI,1
task_4721,AI,1
task_4724,AI,1
task_4725,AI,1
task_4729,AI,1
task_4735,AI,1
task_4736,AI,1
task_4738,AI,0
task_4746,AI,1
task_4747,AI,2
task_4755,AI,1
task_4756,AI,1
task_4768,AI,1
task_4771,AI,1
task_4772,AI,2
task_4777,AI,1
task_4779,AI,1
task_4780,AI,1
task_4782,AI,1
task_4785,AI,1
task_4788,AI,1
task_4789,AI,1
task_4795,AI,1
task_4796,AI,1
task_4802,AI,1
task_4806,AI,1
task_4807,AI,2
task_4808,AI,1
task_4809,AI,1
task_4812,AI,1
task_4815,AI,1
task_4820,AI,1
task_4831,AI,1
task_4833,AI,0
task_4834,AI,1
task_4836,AI,1
task_4839,AI,1
task_4842,AI,1
task_4847,AI,1
task_4851,AI,1
task_4852,AI,1
task_4854,AI,1
task_4855,AI,1
task_4856,AI,1
task_4858,AI,1
task_4871,AI,1
task_4872,AI,1
task_4878,AI,1
task_4880,AI,1
task_4885,AI,1
task_4886,AI,1
task_4891,AI,1
task_4892,AI,1
task_4895,AI,1
task_4899,AI,1
task_4903,AI,1
task_4911,AI,1
task_4914,AI,1
task_4917,AI,1
task_4922,AI,1
task_4927,AI,1
task_4929,AI,1
task_4937,AI,1
task_4938,AI,1
task_4941,AI,1
task_4942,AI,1
task_4947,AI,1
task_4953,AI,1
task_4957,AI,1
task_4958,AI,1
task_4959,AI,1
task_4961,AI,1
task_4968,AI,2
task_4971,AI,1
task_4972,AI,1
task_4973,AI,1
task_4981,AI,1
task_4994,AI,1
task_4995,AI,1
task_4999,AI,1
task_5002,AI,2
task_5005,AI,2
task_5006,AI,2
task_5007,AI,2
task_5010,AI,2
task_5011,AI,2
task_5012,AI,2
task_5014,AI,2
task_5017,AI,2
task_5025,AI,2
task_5027,AI,2
task_5034,AI,2
task_5036,AI,2
task_5046,AI,2
task_5047,AI,2
task_5048,AI,2
task_5060,AI,2
task_5062,AI,2
task_5063,AI,2
task_5068,AI,2
task_5069,AI,2
task_5076,AI,2
task_5081,AI,1
task_5088,AI,2
task_5092,AI,2
task_5093,AI,2
task_5099,AI,2
task_5102,AI,2
task_5103,AI,2
task_5106,AI,2
task_5116,AI,2
task_5119,AI,2
task_5121,AI,2
task_5126,AI,2
task_5128,AI,2
task_5129,AI,2
task_5130,AI,2
task_5131,AI,2
task_5142,AI,2
task_5153,AI,2
task_5157,AI,2
task_5158,AI,2
task_5161,AI,2
task_5162,AI,2
task_5164,AI,2
task_5169,AI,2
task_5173,AI,2
task_5177,AI,2
task_5179,AI,2
task_5182,AI,2
task_5186,AI,2
task_5187,AI,2
task_5191,AI,2
task_5196,AI,2
task_5198,AI,1
task_5203,AI,2
task_5206,AI,2
task_5208,AI,2
task_5209,AI,2
task_5214,AI,2
task_5224,AI,2
task_5227,AI,2
task_5232,AI,2
task_5233,AI,2
task_5246,AI,2
task_5247,AI,2
task_5251,AI,2
task_5256,AI,2
task_5259,AI,2
task_5260,AI,2
task_5263,AI,2
task_5266,AI,2
task_5277,AI,2
task_5278,AI,2
task_5284,AI,2
task_5285,AI,2
task_5286,AI,2
task_5289,AI,2
task_5294,AI,2
task_5302,AI,2
task_5308,AI,2
task_5310,AI,2
task_5312,AI,2
task_5316,AI,2
task_5326,AI,2
task_5328,AI,2
task_5332,AI,2
task_5337,AI,2
task_5340,AI,2
task_5343,AI,2
task_5345,AI,2
task_5347,AI,2
task_5350,AI,2
task_5354,AI,2
task_5363,AI,2
task_5371,AI,2
task_5378,AI,2
task_5379,AI,2
task_5381,AI,2
task_5382,AI,2
task_5391,AI,2
task_5394,AI,2
task_5398,AI,2
task_5402,AI,2
task_5404,AI,2
task_5406,AI,2
task_5408,AI,2
task_5411,AI,2
task_5419,AI,2
task_5423,AI,2
task_5424,AI,2
task_5427,AI,2
task_5428,AI,2
task_5431,AI,2
task_5436,AI,2
task_5438,AI,2
task_5440,AI,2
task_5447,AI,1
task_5451,AI,2
task_5452,AI,2
task_5454,AI,2
task_5455,AI,2
task_5460,AI,2
task_5461,AI,2
task_5472,AI,2
task_5487,AI,2
task_5488,AI,2
task_5494,AI,2
task_5499,AI,2
task_5501,AI,2
task_5505,AI,2
task_5506,AI,2
task_5512,AI,2
task_5513,AI,2
task_5514,AI,2
task_5521,AI,2
task_5523,AI,2
task_5526,AI,2
task_5527,AI,2
task_5528,AI,2
task_5530,AI,2
task_5536,AI,2
task_5539,AI,2
task_5542,AI,2
task_5547,AI,2
task_5552,AI,2
task_5555,AI,2
task_5566,AI,2
task_5568,AI,2
task_5570,AI,2
task_5575,AI,2
task_5577,AI,2
task_5579,AI,2
task_5580,AI,2
task_5582,AI,2
task_5590,AI,2
task_5593,AI,2
task_5597,AI,2
task_5599,AI,1
task_5604,AI,2
task_5605,AI,2
task_5607,AI,2
task_5610,AI,2
task_5611,AI,2
task_5612,AI,2
task_5614,AI,2
task_5616,AI,2
task_5625,AI,2
task_5628,AI,2
task_5634,AI,2
task_5637,AI,2
task_5644,AI,2
task_5646,AI,2
task_5649,AI,2
task_5651,AI,2
task_5652,AI,2
task_5655,AI,2
task_5659,AI,2
task_5663,AI,2
task_5667,AI,2
task_5668,AI,2
task_5672,AI,2
task_5676,AI,2
task_5681,AI,2
task_5686,AI,2
task_5688,AI,2
task_5697,AI,2
task_5704,AI,2
task_5706,AI,2
task_5707,AI,2
task_5709,AI,2
task_5716,AI,2
task_5718,AI,2
task_5724,AI,2
task_5725,AI,2
task_5728,AI,2
task_5735,AI,2
task_5736,AI,2
task_5740,AI,2
task_5741,AI,2
task_5745,AI,2
task_5751,AI,2
task_5752,AI,2
task_5755,AI,2
task_5756,AI,2
task_5757,AI,2
task_5769,AI,2
task_5776,AI,2
task_5781,AI,2
task_5782,AI,2
task_5784,AI,2
task_5799,AI,2
task_5801,AI,2
task_5805,AI,2
task_5806,AI,2
task_5807,AI,2
task_5811,AI,2
task_5817,AI,2
task_5818,AI,2
task_5819,AI,2
task_5821,AI,2
task_5823,AI,2
task_5828,AI,2
task_5831,AI,2
task_5832,AI,2
task_5833,AI,2
task_5835,AI,2
task_5842,AI,2
task_5843,AI,2
task_5847,AI,2
task_5849,AI,2
task_5854,AI,2
task_5856,AI,2
task_5857,AI,2
task_5861,AI,2
task_5868,AI,2
task_5872,AI,2
task_5875,AI,2
task_5877,AI,2
task_5880,AI,2
task_5883,AI,2
task_5884,AI,2
task_5886,AI,2
task_5887,AI,2
task_5888,AI,2
task_5892,AI,2
task_5894,AI,2
task_5896,AI,2
task_5897,AI,2
task_5905,AI,2
task_5913,AI,2
task_5918,AI,2
task_5922,AI,2
task_5924,AI,2
task_5926,AI,2
task_5928,AI,2
task_5929,AI,2
task_5933,AI,2
task_5934,AI,2
task_5938,AI,2
task_5941,AI,2
task_5944,AI,2
task_5948,AI,2
task_5949,AI,2
task_5950,AI,2
task_5954,AI,2
task_5955,AI,2
task_5956,AI,2
task_5957,AI,2
task_5965,AI,2
task_5966,AI,2
task_5967,AI,2
task_5968,AI,2
task_5970,AI,2
task_5971,AI,2
task_5975,AI,2
task_5977,AI,2
task_5982,AI,2
task_5985,AI,2
task_5991,AI,2
task_5993,AI,2
task_5995,AI,2
task_5996,AI,2
task_5997,AI,2
task_6000,AI,2
task_6010,AI,2
task_6016,AI,1
task_6017,AI,2
task_6019,AI,2
task_6021,AI,2
task_6022,AI,1
task_6023,AI,2
task_6026,AI,2
task_6028,AI,2
task_6031,AI,2
task_6034,AI,2
task_6042,AI,2
task_6044,AI,2
task_6048,AI,2
task_6049,AI,2
task_6050,AI,2
task_6053,AI,2
task_6056,AI,2
task_6060,AI,2
task_6071,AI,2
task_6072,AI,2
task_6082,AI,2
task_6084,AI,2
task_6085,AI,2
task_6089,AI,2
task_6094,AI,2
task_6096,AI,2
task_6098,AI,2
task_6108,AI,2
task_6110,AI,2
task_6116,AI,2
task_6120,AI,2
task_6121,AI,2
task_6133,AI,2
task_6134,AI,2
task_6135,AI,2
task_6137,AI,2
task_6140,AI,2
task_6141,AI,2
task_6145,AI,2
task_6146,AI,2
task_6147,AI,2
task_6152,AI,2
task_6160,AI,2
task_6164,AI,2
task_6167,AI,2
task_6168,AI,2
task_6169,AI,2
task_6170,AI,2
task_6174,AI,2
task_6175,AI,2
task_6176,AI,2
task_6182,AI,2
task_6185,AI,1
task_6196,AI,2
task_6198,AI,2
task_6199,AI,2
task_6200,AI,2
task_6202,AI,2
task_6204,AI,2
task_6213,AI,2
task_6218,AI,2
task_6222,AI,2
task_6225,AI,2
task_6229,AI,2
task_6230,AI,2
task_6231,AI,2
task_6232,AI,2
task_6233,AI,2
task_6234,AI,2
task_6235,AI,2
task_6239,AI,2
task_6240,AI,2
task_6241,AI,2
task_6247,AI,2
task_6252,AI,1
task_6254,AI,2
task_6267,AI,2
task_6270,AI,2
task_6271,AI,2
task_6272,AI,2
task_6277,AI,2
task_6279,AI,2
task_6280,AI,2
task_6281,AI,2
task_6284,AI,1
task_6287,AI,2
task_6292,AI,2
task_6293,AI,2
task_6294,AI,2
task_6296,AI,2
task_6298,AI,2
task_6300,AI,2
task_6301,AI,2
task_6305,AI,2
task_6315,AI,2
task_6320,AI,2
task_6330,AI,2
task_6339,AI,2
task_6341,AI,2
task_6342,AI,2
task_6348,AI,2
task_6349,AI,2
task_6352,AI,2
task_6357,AI,2
task_6362,AI,2
task_6367,AI,2
task_6369,AI,2
task_6370,AI,2
task_6373,AI,2
task_6379,AI,2
task_6383,AI,2
task_6384,AI,2
task_6389,AI,2
task_6391,AI,2
task_6392,AI,2
task_6395,AI,2
task_6405,AI,2
task_6406,AI,2
task_6417,AI,2
task_6422,AI,2
task_6427,AI,2
task_6432,AI,2
task_6434,AI,2
task_6436,AI,2
task_6440,AI,2
task_6445,AI,2
task_6446,AI,2
task_6450,AI,2
task_6455,AI,2
task_6460,AI,2
task_6467,AI,2
task_6472,AI,2
task_6478,AI,2
task_6481,AI,2
task_6485,AI,2
task_6487,AI,2
task_6494,AI,2
task_6500,AI,2
task_6517,AI,2
task_6520,AI,2
task_6522,AI,2
task_6525,AI,2
task_6528,AI,2
task_6530,AI,2
task_6537,AI,2
task_6538,AI,2
task_6545,AI,2
task_6552,AI,2
task_6553,AI,2
task_6559,AI,2
task_6565,AI,2
task_6567,AI,2
task_6569,AI,2
task_6572,AI,2
task_6574,AI,2
task_6578,AI,2
task_6585,AI,2
task_6586,AI,2
task_6588,AI,2
task_6589,AI,2
task_6591,AI,2
task_6595,AI,2
task_6597,AI,2
task_6598,AI,2
task_6608,AI,2
task_6611,AI,2
task_6612,AI,2
task_6616,AI,2
task_6619,AI,2
task_6621,AI,2
task_6623,AI,2
task_6624,AI,2
task_6630,AI,2
task_6631,AI,2
task_6635,AI,2
task_6640,AI,2
task_6645,AI,2
task_6653,AI,2
task_6654,AI,2
task_6658,AI,2
task_6660,AI,2
task_6661,AI,2
task_6664,AI,2
task_6665,AI,2
task_6666,AI,2
task_6669,AI,2
task_6670,AI,2
task_6671,AI,2
task_6675,AI,2
task_6676,AI,2
task_6680,AI,2
task_6685,AI,2
task_6689,AI,2
task_6691,AI,2
task_6692,AI,2
task_6695,AI,2
task_6699,AI,2
task_6700,AI,2
task_6701,AI,2
task_6702,AI,2
task_6704,AI,2
task_6705,AI,2
task_6706,AI,2
task_6707,AI,2
task_6709,AI,2
task_6710,AI,2
task_6717,AI,2
task_6719,AI,2
task_6721,AI,2
task_6722,AI,2
task_6726,AI,2
task_6732,AI,2
task_6733,AI,2
task_6737,AI,2
task_6745,AI,2
task_6746,AI,2
task_6748,AI,2
task_6752,AI,2
task_6756,AI,2
task_6762,AI,2
task_6763,AI,2
task_6766,AI,2
task_6777,AI,2
task_6779,AI,2
task_6780,AI,2
task_6789,AI,2
task_6790,AI,2
task_6791,AI,2
task_6795,AI,2
task_6796,AI,2
task_6797,AI,2
task_6799,AI,2
task_6802,AI,2
task_6803,AI,2
task_6808,AI,2
task_6814,AI,2
task_6819,AI,2
task_6821,AI,2
task_6823,AI,2
task_6826,AI,2
task_6828,AI,2
task_6833,AI,2
task_6838,AI,2
task_6841,AI,2
task_6842,AI,2
task_6849,AI,2
task_6852,AI,2
task_6854,AI,2
task_6855,AI,2
task_6856,AI,2
task_6859,AI,2
task_6860,AI,2
task_6862,AI,2
task_6864,AI,2
task_6868,AI,2
task_6869,AI,2
task_6870,AI,2
task_6873,AI,2
task_6878,AI,2
task_6881,AI,2
task_6884,AI,2
task_6885,AI,2
task_6888,AI,2
task_6889,AI,2
task_6890,AI,2
task_6893,AI,2
task_6894,AI,2
task_6901,AI,2
task_6906,AI,2
task_6909,AI,2
task_6912,AI,2
task_6917,AI,2
task_6918,AI,2
task_6921,AI,2
task_6922,AI,2
task_6923,AI,2
task_6926,AI,2
task_6934,AI,2
task_6945,AI,2
task_6947,AI,2
task_6951,AI,2
task_6952,AI,2
task_6954,AI,2
task_6958,AI,2
task_6959,AI,2
task_6964,AI,2
task_6965,AI,2
task_6966,AI,2
task_6978,AI,2
task_6979,AI,2
task_6998,AI,2
task_7002,AI,2
task_7004,AI,1
task_7005,AI,2
task_7006,AI,2
task_7009,AI,2
task_7011,AI,2
task_7013,AI,2
task_7016,AI,2
task_7018,AI,2
task_7024,AI,2
task_7029,AI,2
task_7032,AI,2
task_7036,AI,2
task_7042,AI,2
task_7058,AI,2
task_7061,AI,2
task_7068,AI,2
task_7071,AI,2
task_7073,AI,2
task_7081,AI,2
task_7089,AI,2
task_7092,AI,2
task_7094,AI,1
task_7095,AI,2
task_7096,AI,2
task_7097,AI,2
task_7100,AI,2
task_7101,AI,2
task_7104,AI,2
task_7106,AI,2
task_7107,AI,2
task_7110,AI,2
task_7111,AI,2
task_7117,AI,2
task_7118,AI,2
task_7119,AI,2
task_7122,AI,2
task_7124,AI,2
task_7131,AI,2
task_7132,AI,2
task_7133,AI,2
task_7134,AI,2
task_7139,AI,2
task_7145,AI,2
task_7149,AI,2
task_7154,AI,2
task_7156,AI,2
task_7159,AI,2
task_7160,AI,2
task_7162,AI,2
task_7163,AI,2
task_7164,AI,2
task_7167,AI,2
task_7168,AI,2
task_7176,AI,2
task_7178,AI,2
task_7180,AI,2
task_7181,AI,2
task_7182,AI,2
task_7184,AI,2
task_7187,AI,2
task_7188,AI,2
task_7189,AI,2
task_7198,AI,2
task_7199,AI,2
task_7200,AI,1
task_7202,AI,2
task_7204,AI,2
task_7213,AI,2
task_7221,AI,2
task_7223,AI,2
task_7226,AI,2
task_7227,AI,2
task_7231,AI,2
task_7235,AI,2
task_7239,AI,2
task_7240,AI,2
task_7244,AI,2
task_7246,AI,2
task_7250,AI,2
task_7252,AI,2
task_7254,AI,2
task_7257,AI,2
task_7260,AI,2
task_7263,AI,2
task_7264,AI,2
task_7266,AI,2
task_7268,AI,2
task_7269,AI,2
task_7273,AI,2
task_7275,AI,2
task_7276,AI,2
task_7282,AI,2
task_7283,AI,2
task_7285,AI,2
task_7287,AI,2
task_7289,AI,2
task_7290,AI,2
task_7292,AI,2
task_7303,AI,2
task_7304,AI,2
task_7315,AI,2
task_7321,AI,2
task_7323,AI,2
task_7324,AI,2
task_7327,AI,2
task_7329,AI,2
task_7331,AI,2
task_7335,AI,2
task_7336,AI,2
task_7348,AI,2
task_7349,AI,1
task_7351,AI,2
task_7352,AI,2
task_7361,AI,2
task_7362,AI,2
task_7363,AI,2
task_7373,AI,2
task_7374,AI,2
task_7376,AI,2
task_7378,AI,2
task_7382,AI,2
task_7384,AI,2
task_7387,AI,2
task_7389,AI,2
task_7395,AI,2
task_7397,AI,2
task_7402,AI,2
task_7407,AI,2
task_7414,AI,2
task_7417,AI,2
task_7425,AI,2
task_7436,AI,2
task_7437,AI,2
task_7438,AI,2
task_7443,AI,2
task_7444,AI,2
task_7448,AI,2
task_7451,AI,2
task_7456,AI,2
task_7458,AI,2
task_7461,AI,2
task_7472,AI,2
task_7475,AI,2
task_7477,AI,2
task_7481,AI,2
task_7491,AI,2
task_7493,AI,2
task_7495,AI,2
task_7500,AI,1
task_7501,AI,0
task_7503,AI,1
task_7510,AI,0
task_7511,AI,3
task_7514,AI,1
task_7519,AI,3
task_7522,AI,3
task_7523,AI,0
task_7524,AI,0
task_7528,AI,0
task_7529,AI,1
task_7530,AI,0
task_7532,AI,1
task_7533,AI,1
task_7535,AI,1
task_7538,AI,1
task_7544,AI,0
task_7547,AI,3
task_7551,AI,1
task_7554,AI,3
task_7556,AI,0
task_7569,AI,1
task_7571,AI,1
task_7574,AI,1
task_7575,AI,1
task_7582,AI,1
task_7583,AI,0
task_7591,AI,1
task_7595,AI,0
task_7597,AI,0
task_7598,AI,1
task_7603,AI,1
task_7608,AI,1
task_7612,AI,1
task_7622,AI,0
task_7623,AI,0
task_7625,AI,1
task_7629,AI,1
task_7631,AI,0
task_7639,AI,0
task_7642,AI,1
task_7643,AI,3
task_7648,AI,1
task_7653,AI,1
task_7657,AI,1
task_7658,AI,3
task_7660,AI,3
task_7661,AI,1
task_7664,AI,1
task_7671,AI,0
task_7675,AI,0
task_7679,AI,0
task_7681,AI,0
task_7682,AI,3
task_7683,AI,1
task_7684,AI,0
task_7692,AI,1
task_7698,AI,1
task_7699,AI,0
task_7703,AI,1
task_7706,AI,1
task_7722,AI,1
task_7724,AI,3
task_7726,AI,1
task_7735,AI,0
task_7736,AI,1
task_7739,AI,1
task_7742,AI,3
task_7744,AI,3
task_7747,AI,1
task_7763,AI,1
task_7769,AI,3
task_7770,AI,0
task_7771,AI,1
task_7780,AI,1
task_7785,AI,1
task_7795,AI,1
task_7797,AI,3
task_7798,AI,1
task_7799,AI,0
task_7800,AI,1
task_7803,AI,0
task_7806,AI,1
task_7807,AI,1
task_7810,AI,3
task_7811,AI,0
task_7812,AI,1
task_7814,AI,0
task_7815,AI,1
task_7816,AI,3
task_7817,AI,3
task_7819,AI,3
task_7821,AI,1
task_7827,AI,1
task_7830,AI,0
task_7837,AI,0
task_7838,AI,0
task_7845,AI,1
task_7846,AI,3
task_7849,AI,0
task_7854,AI,0
task_7856,AI,0
task_7857,AI,1
task_7859,AI,0
task_7873,AI,0
task_7874,AI,3
task_7879,AI,3
task_7880,AI,1
task_7881,AI,3
task_7883,AI,3
task_7885,AI,0
task_7886,AI,0
task_7889,AI,0
task_7891,AI,3
task_7895,AI,1
task_7897,AI,1
task_7899,AI,1
task_7900,AI,0
task_7901,AI,3
task_7903,AI,1
task_7906,AI,0
task_7908,AI,3
task_7909,AI,0
task_7911,AI,1
task_7912,AI,1
task_7917,AI,3
task_7919,AI,3
task_7921,AI,0
task_7923,AI,1
task_7924,AI,0
task_7929,AI,0
task_7932,AI,3
task_7935,AI,0
task_7936,AI,1
task_7938,AI,1
task_7944,AI,1
task_7946,AI,0
task_7947,AI,1
task_7948,AI,0
task_7965,AI,1
task_7972,AI,1
task_7974,AI,0
task_7975,AI,0
task_7980,AI,3
task_7997,AI,3
task_7998,AI,0
task_8001,AI,1
task_8002,AI,3
task_8005,AI,0
task_8013,AI,1
task_8014,AI,0
task_8015,AI,1
task_8016,AI,1
task_8018,AI,1
task_8031,AI,1
task_8034,AI,1
task_8035,AI,0
task_8036,AI,1
task_8040,AI,1
task_8041,AI,0
task_8044,AI,3
task_8045,AI,3
task_8046,AI,1
task_8047,AI,0
task_8051,AI,1
task_8052,AI,1
task_8056,AI,1
task_8060,AI,3
task_8066,AI,0
task_8068,AI,1
task_8069,AI,0
task_8074,AI,0
task_8083,AI,1
task_8086,AI,1
task_8090,AI,1
task_8092,AI,0
task_8093,AI,3
task_8095,AI,1
task_8102,AI,0
task_8106,AI,1
task_8109,AI,1
task_8111,AI,0
task_8119,AI,0
task_8122,AI,1
task_8129,AI,0
task_8132,AI,3
task_8136,AI,1
task_8138,AI,0
task_8139,AI,1
task_8141,AI,0
task_8150,AI,1
task_8155,AI,1
task_8157,AI,0
task_8160,AI,1
task_8161,AI,0
task_8163,AI,1
task_8164,AI,0
task_8170,AI,3
task_8171,AI,0
task_8177,AI,0
task_8178,AI,0
task_8193,AI,1
task_8194,AI,3
task_8203,AI,0
task_8204,AI,1
task_8209,AI,1
task_8211,AI,0
task_8212,AI,1
task_8217,AI,1
task_8219,AI,0
task_8220,AI,3
task_8223,AI,1
task_8226,AI,1
task_8227,AI,0
task_8238,AI,3
task_8240,AI,1
task_8241,AI,0
task_8248,AI,1
task_8251,AI,1
task_8253,AI,0
task_8254,AI,0
task_8257,AI,0
task_8258,AI,1
task_8263,AI,0
task_8265,AI,3
task_8273,AI,1
task_8274,AI,3
task_8276,AI,3
task_8278,AI,1
task_8280,AI,1
task_8282,AI,0
task_8285,AI,0
task_8286,AI,1
task_8287,AI,0
task_8288,AI,1
task_8295,AI,1
task_8300,AI,0
task_8304,AI,1
task_8305,AI,0
task_8309,AI,1
task_8310,AI,3
task_8316,AI,0
task_8321,AI,1
task_8324,AI,0
task_8327,AI,1
task_8328,AI,1
task_8329,AI,3
task_8335,AI,1
task_8337,AI,1
task_8343,AI,1
task_8345,AI,0
task_8346,AI,0
task_8352,AI,0
task_8353,AI,1
task_8356,AI,0
task_8365,AI,1
task_8367,AI,1
task_8369,AI,1
task_8371,AI,1
task_8372,AI,3
task_8378,AI,1
task_8380,AI,0
task_8383,AI,0
task_8384,AI,0
task_8391,AI,1
task_8392,AI,3
task_8394,AI,1
task_8395,AI,1
task_8403,AI,3
task_8404,AI,3
task_8418,AI,1
task_8424,AI,1
task_8425,AI,1
task_8426,AI,3
task_8427,AI,0
task_8430,AI,0
task_8432,AI,3
task_8440,AI,1
task_8444,AI,1
task_8446,AI,1
task_8450,AI,0
task_8453,AI,1
task_8456,AI,1
task_8462,AI,1
task_8466,AI,1
task_8468,AI,1
task_8469,AI,0
task_8471,AI,1
task_8472,AI,1
task_8479,AI,1
task_8481,AI,1
task_8482,AI,0
task_8484,AI,0
task_8486,AI,1
task_8487,AI,0
task_8488,AI,0
task_8489,AI,1
task_8490,AI,3
task_8492,AI,1
task_8496,AI,0
task_8498,AI,3
task_8499,AI,3
task_8500,AI,0
task_8502,AI,1
task_8503,AI,1
task_8504,AI,0
task_8509,AI,3
task_8510,AI,1
task_8512,AI,0
task_8513,AI,1
task_8518,AI,0
task_8519,AI,3
task_8524,AI,0
task_8527,AI,1
task_8529,AI,1
task_8530,AI,0
task_8535,AI,1
task_8540,AI,3
task_8542,AI,3
task_8551,AI,1
task_8552,AI,1
task_8554,AI,3
task_8564,AI,1
task_8566,AI,0
task_8574,AI,3
task_8578,AI,0
task_8579,AI,1
task_8580,AI,1
task_8582,AI,1
task_8583,AI,1
task_8588,AI,1
task_8589,AI,0
task_8591,AI,1
task_8593,AI,1
task_8603,AI,1
task_8610,AI,0
task_8614,AI,0
task_8616,AI,1
task_8619,AI,3
task_8622,AI,1
task_8626,AI,3
task_8630,AI,1
task_8632,AI,1
task_8634,AI,1
task_8636,AI,1
task_8642,AI,1
task_8647,AI,1
task_8648,AI,0
task_8651,AI,1
task_8652,AI,0
task_8660,AI,3
task_8661,AI,3
task_8663,AI,3
task_8673,AI,0
task_8675,AI,1
task_8678,AI,3
task_8680,AI,1
task_8681,AI,0
task_8683,AI,1
task_8684,AI,0
task_8689,AI,1
task_8690,AI,1
task_8691,AI,0
task_8692,AI,3
task_8693,AI,1
task_8698,AI,0
task_8699,AI,3
task_8701,AI,3
task_8703,AI,1
task_8710,AI,3
task_8712,AI,1
task_8714,AI,1
task_8721,AI,0
task_8728,AI,0
task_8733,AI,0
task_8735,AI,1
task_8736,AI,0
task_8737,AI,1
task_8743,AI,1
task_8744,AI,3
task_8745,AI,1
task_8747,AI,0
task_8750,AI,1
task_8753,AI,0
task_8754,AI,3
task_8755,AI,0
task_8757,AI,1
task_8759,AI,1
task_8761,AI,1
task_8768,AI,0
task_8769,AI,0
task_8770,AI,1
task_8771,AI,0
task_8772,AI,1
task_8773,AI,0
task_8776,AI,1
task_8778,AI,0
task_8783,AI,1
task_8785,AI,0
task_8786,AI,0
task_8806,AI,0
task_8807,AI,0
task_8809,AI,1
task_8810,AI,1
task_8823,AI,0
task_8825,AI,1
task_8827,AI,1
task_8829,AI,1
task_8836,AI,0
task_8838,AI,1
task_8839,AI,0
task_8840,AI,1
task_8852,AI,1
task_8855,AI,0
task_8856,AI,0
task_8858,AI,0
task_8862,AI,0
task_8864,AI,1
task_8871,AI,0
task_8872,AI,1
task_8874,AI,0
task_8875,AI,1
task_8876,AI,0
task_8880,AI,1
task_8882,AI,0
task_8887,AI,1
task_8894,AI,3
task_8896,AI,1
task_8901,AI,1
task_8905,AI,1
task_8906,AI,0
task_8908,AI,3
task_8909,AI,3
task_8914,AI,0
task_8915,AI,0
task_8923,AI,1
task_8928,AI,1
task_8934,AI,1
task_8936,AI,3
task_8939,AI,1
task_8940,AI,1
task_8944,AI,1
task_8946,AI,1
task_8956,AI,1
task_8959,AI,1
task_8965,AI,0
task_8967,AI,3
task_8968,AI,0
task_8969,AI,1
task_8971,AI,3
task_8972,AI,0
task_8974,AI,0
task_8975,AI,0
task_8980,AI,1
task_8984,AI,1
task_8987,AI,1
task_8989,AI,1
task_8991,AI,3
task_8992,AI,1
task_8993,AI,1
task_8994,AI,3
task_8995,AI,1
task_8996,AI,1
task_9003,AI,1
task_9010,AI,1
task_9014,AI,1
task_9016,AI,1
task_9024,AI,0
task_9028,AI,1
task_9032,AI,0
task_9034,AI,1
task_9039,AI,1
task_9047,AI,1
task_9055,AI,1
task_9059,AI,0
task_9060,AI,0
task_9061,AI,3
task_9063,AI,1
task_9067,AI,1
task_9068,AI,1
task_9072,AI,1
task_9076,AI,0
task_9082,AI,0
task_9087,AI,0
task_9088,AI,1
task_9089,AI,3
task_9090,AI,3
task_9093,AI,1
task_9094,AI,1
task_9095,AI,1
task_9096,AI,1
task_9098,AI,1
task_9103,AI,0
task_9104,AI,1
task_9106,AI,0
task_9120,AI,1
task_9127,AI,1
task_9128,AI,1
task_9134,AI,3
task_9142,AI,1
task_9143,AI,3
task_9147,AI,3
task_9151,AI,1
task_9156,AI,0
task_9157,AI,0
task_9161,AI,1
task_9165,AI,1
task_9175,AI,3
task_9176,AI,0
task_9177,AI,1
task_9178,AI,1
task_9179,AI,0
task_9182,AI,3
task_9187,AI,1
task_9194,AI,1
task_9196,AI,1
task_9197,AI,0
task_9198,AI,0
task_9201,AI,1
task_9205,AI,1
task_9206,AI,1
task_9208,AI,1
task_9210,AI,1
task_9211,AI,1
task_9212,AI,1
task_9215,AI,1
task_9222,AI,0
task_9230,AI,1
task_9233,AI,1
task_9237,AI,1
task_9244,AI,0
task_9246,AI,1
task_9248,AI,0
task_9249,AI,0
task_9252,AI,0
task_9253,AI,1
task_9257,AI,0
task_9259,AI,1
task_9261,AI,0
task_9263,AI,0
task_9266,AI,0
task_9271,AI,1
task_9277,AI,1
task_9280,AI,3
task_9287,AI,0
task_9288,AI,1
task_9291,AI,0
task_9294,AI,0
task_9295,AI,1
task_9298,AI,1
task_9299,AI,0
task_9301,AI,0
task_9306,AI,1
task_9311,AI,1
task_9315,AI,1
task_9318,AI,1
task_9319,AI,0
task_9324,AI,1
task_9325,AI,1
task_9331,AI,1
task_9332,AI,1
task_9333,AI,1
task_9335,AI,1
task_9336,AI,0
task_9337,AI,0
task_9340,AI,3
task_9354,AI,3
task_9356,AI,1
task_9358,AI,0
task_9362,AI,1
task_9364,AI,1
task_9369,AI,3
task_9370,AI,1
task_9371,AI,1
task_9377,AI,1
task_9381,AI,1
task_9386,AI,1
task_9392,AI,1
task_9394,AI,1
task_9396,AI,0
task_9400,AI,1
task_9404,AI,1
task_9405,AI,1
task_9406,AI,1
task_9407,AI,0
task_9409,AI,1
task_9413,AI,1
task_9416,AI,1
task_9419,AI,1
task_9423,AI,0
task_9426,AI,1
task_9428,AI,1
task_9429,AI,1
task_9431,AI,1
task_9432,AI,1
task_9433,AI,0
task_9435,AI,0
task_9437,AI,1
task_9441,AI,1
task_9444,AI,3
task_9451,AI,3
task_9452,AI,1
task_9454,AI,1
task_9455,AI,1
task_9457,AI,0
task_9458,AI,3
task_9459,AI,1
task_9464,AI,1
task_9466,AI,0
task_9476,AI,1
task_9486,AI,1
task_9490,AI,0
task_9493,AI,3
task_9497,AI,1
task_9499,AI,0
task_9500,AI,3
task_9513,AI,1
task_9516,AI,3
task_9517,AI,1
task_9522,AI,1
task_9525,AI,1
task_9526,AI,3
task_9527,AI,1
task_9528,AI,0
task_9530,AI,0
task_9532,AI,1
task_9537,AI,0
task_9538,AI,1
task_9542,AI,0
task_9545,AI,1
task_9551,AI,1
task_9556,AI,1
task_9557,AI,1
task_9558,AI,1
task_9559,AI,3
task_9561,AI,1
task_9573,AI,1
task_9581,AI,0
task_9587,AI,0
task_9588,AI,1
task_9589,AI,3
task_9593,AI,1
task_9595,AI,3
task_9601,AI,1
task_9603,AI,3
task_9609,AI,1
task_9610,AI,0
task_9613,AI,1
task_9614,AI,3
task_9616,AI,0
task_9617,AI,0
task_9619,AI,1
task_9622,AI,1
task_9623,AI,3
task_9627,AI,0
task_9628,AI,0
task_9629,AI,0
task_9631,AI,0
task_9636,AI,1
task_9637,AI,1
task_9639,AI,0
task_9640,AI,1
task_9641,AI,0
task_9645,AI,0
task_9653,AI,1
task_9655,AI,3
task_9656,AI,3
task_9662,AI,1
task_9663,AI,1
task_9669,AI,1
task_9671,AI,0
task_9672,AI,0
task_9676,AI,1
task_9680,AI,1
task_9683,AI,3
task_9685,AI,1
task_9686,AI,1
task_9687,AI,1
task_9692,AI,1
task_9694,AI,3
task_9696,AI,3
task_9697,AI,0
task_9698,AI,1
task_9706,AI,0
task_9707,AI,0
task_9711,AI,1
task_9712,AI,0
task_9720,AI,1
task_9725,AI,0
task_9728,AI,1
task_9731,AI,1
task_9733,AI,1
task_9737,AI,0
task_9740,AI,1
task_9742,AI,3
task_9746,AI,1
task_9747,AI,1
task_9748,AI,1
task_9749,AI,3
task_9750,AI,0
task_9752,AI,3
task_9757,AI,1
task_9759,AI,1
task_9760,AI,1
task_9761,AI,0
task_9763,AI,1
task_9773,AI,1
task_9775,AI,1
task_9781,AI,3
task_9788,AI,1
task_9789,AI,1
task_9791,AI,3
task_9797,AI,0
task_9800,AI,1
task_9806,AI,3
task_9807,AI,1
task_9811,AI,3
task_9812,AI,1
task_9821,AI,3
task_9822,AI,1
task_9824,AI,1
task_9825,AI,1
task_9826,AI,1
task_9831,AI,1
task_9833,AI,0
task_9834,AI,1
task_9839,AI,1
task_9842,AI,1
task_9844,AI,1
task_9846,AI,0
task_9847,AI,1
task_9848,AI,3
task_9856,AI,0
task_9866,AI,3
task_9869,AI,0
task_9874,AI,1
task_9877,AI,0
task_9879,AI,1
task_9887,AI,3
task_9888,AI,1
task_9889,AI,1
task_9891,AI,1
task_9901,AI,1
task_9902,AI,1
task_9910,AI,3
task_9911,AI,1
task_9917,AI,0
task_9918,AI,0
task_9919,AI,1
task_9928,AI,1
task_9936,AI,1
task_9938,AI,1
task_9941,AI,0
task_9942,AI,0
task_9949,AI,1
task_9952,AI,1
task_9953,AI,3
task_9954,AI,3
task_9955,AI,1
task_9956,AI,1
task_9960,AI,1
task_9966,AI,1
task_9969,AI,1
task_9970,AI,1
task_9971,AI,1
task_9974,AI,1
task_9977,AI,1
task_9978,AI,1
task_9991,AI,0
task_9993,AI,3
task_9995,AI,1
task_9996,AI,1
task_9998,AI,1
